layer,key,en|English,es|Español,zh|简体中文
grade_3_english,grade_3_english,Grade 3 English,,
grade_3_mathematics,grade_3_mathematics,Grade 3 Mathematics,,
grade_4_english,grade_4_english,Grade 4 English,,
grade_4_mathematics,grade_4_mathematics,Grade 4 Mathematics,,
grade_5_english,grade_5_english,Grade 5 English,,
grade_5_mathematics,grade_5_mathematics,Grade 5 Mathematics,,
grade_6_english,grade_6_english,Grade 6 English,,
grade_6_mathematics,grade_6_mathematics,Grade 6 Mathematics,,
grade_7_english,grade_7_english,Grade 7 English,,
grade_7_mathematics,grade_7_mathematics,Grade 7 Mathematics,,
grade_8_english,grade_8_english,Grade 8 English,,
grade_8_mathematics,grade_8_mathematics,Grade 8 Mathematics,,
grade_11_english,grade_11_english,Grade 11 English,,
grade_11_mathematics,grade_11_mathematics,Grade 11 Mathematics,,
